implementation,threads,run,time_seconds
Basic,1,1,9.022560e-01
Basic,1,2,8.886620e-01
Basic,1,3,8.966070e-01
Basic,1,4,8.826580e-01
Basic,1,5,8.859290e-01
Basic,4,1,2.827600e-01
Basic,4,2,2.926620e-01
Basic,4,3,2.994690e-01
Basic,4,4,2.822620e-01
Basic,4,5,2.796530e-01
Basic,8,1,2.527370e-01
Basic,8,2,2.569520e-01
Basic,8,3,2.527960e-01
Basic,8,4,2.536970e-01
Basic,8,5,2.746860e-01
Basic,16,1,2.780050e-01
Basic,16,2,4.770150e-01
Basic,16,3,3.076330e-01
Basic,16,4,2.505450e-01
Basic,16,5,4.880780e-01
Basic,32,1,3.101520e-01
Basic,32,2,3.059230e-01
Basic,32,3,3.328370e-01
Basic,32,4,3.258430e-01
Basic,32,5,4.122830e-01
Reduced_Default,1,1,9.387670e-01
Reduced_Default,1,2,9.429280e-01
Reduced_Default,1,3,1.136540e+00
Reduced_Default,1,4,1.175582e+00
Reduced_Default,1,5,1.241279e+00
Reduced_Default,4,1,2.070800e-01
Reduced_Default,4,2,2.477470e-01
Reduced_Default,4,3,2.193760e-01
Reduced_Default,4,4,2.788330e-01
Reduced_Default,4,5,2.694510e-01
Reduced_Default,8,1,2.670750e-01
Reduced_Default,8,2,2.731200e-01
Reduced_Default,8,3,2.822530e-01
Reduced_Default,8,4,2.576870e-01
Reduced_Default,8,5,2.943200e-01
Reduced_Default,16,1,3.051610e-01
Reduced_Default,16,2,2.605760e-01
Reduced_Default,16,3,2.600510e-01
Reduced_Default,16,4,2.477310e-01
Reduced_Default,16,5,2.646710e-01
Reduced_Default,32,1,4.065960e-01
Reduced_Default,32,2,2.467580e-01
Reduced_Default,32,3,2.504980e-01
Reduced_Default,32,4,5.495980e-01
Reduced_Default,32,5,3.152060e-01
Reduced_Forces_Cyclic,1,1,9.958180e-01
Reduced_Forces_Cyclic,1,2,1.163746e+00
Reduced_Forces_Cyclic,1,3,1.247095e+00
Reduced_Forces_Cyclic,1,4,1.242838e+00
Reduced_Forces_Cyclic,1,5,1.313393e+00
Reduced_Forces_Cyclic,4,1,2.606890e-01
Reduced_Forces_Cyclic,4,2,2.091970e-01
Reduced_Forces_Cyclic,4,3,2.016790e-01
Reduced_Forces_Cyclic,4,4,5.351300e-01
Reduced_Forces_Cyclic,4,5,2.600180e-01
Reduced_Forces_Cyclic,8,1,3.349020e-01
Reduced_Forces_Cyclic,8,2,2.883920e-01
Reduced_Forces_Cyclic,8,3,2.707820e-01
Reduced_Forces_Cyclic,8,4,2.437510e-01
Reduced_Forces_Cyclic,8,5,2.426220e-01
Reduced_Forces_Cyclic,16,1,2.549920e-01
Reduced_Forces_Cyclic,16,2,2.434520e-01
Reduced_Forces_Cyclic,16,3,2.434340e-01
Reduced_Forces_Cyclic,16,4,2.473410e-01
Reduced_Forces_Cyclic,16,5,2.370920e-01
Reduced_Forces_Cyclic,32,1,2.300540e-01
Reduced_Forces_Cyclic,32,2,2.372980e-01
Reduced_Forces_Cyclic,32,3,2.428870e-01
Reduced_Forces_Cyclic,32,4,2.253380e-01
Reduced_Forces_Cyclic,32,5,2.296050e-01
Reduced_All_Cyclic,1,1,1.203170e+00
Reduced_All_Cyclic,1,2,1.186143e+00
Reduced_All_Cyclic,1,3,9.885670e-01
Reduced_All_Cyclic,1,4,1.086211e+00
Reduced_All_Cyclic,1,5,1.262603e+00
Reduced_All_Cyclic,4,1,1.991530e-01
Reduced_All_Cyclic,4,2,1.984840e-01
Reduced_All_Cyclic,4,3,1.957280e-01
Reduced_All_Cyclic,4,4,2.026960e-01
Reduced_All_Cyclic,4,5,1.957880e-01
Reduced_All_Cyclic,8,1,2.462190e-01
Reduced_All_Cyclic,8,2,2.454570e-01
Reduced_All_Cyclic,8,3,2.403480e-01
Reduced_All_Cyclic,8,4,2.387710e-01
Reduced_All_Cyclic,8,5,2.468000e-01
Reduced_All_Cyclic,16,1,2.438080e-01
Reduced_All_Cyclic,16,2,2.425950e-01
Reduced_All_Cyclic,16,3,2.443300e-01
Reduced_All_Cyclic,16,4,2.616200e-01
Reduced_All_Cyclic,16,5,2.416380e-01
Reduced_All_Cyclic,32,1,2.234930e-01
Reduced_All_Cyclic,32,2,2.365130e-01
Reduced_All_Cyclic,32,3,2.444600e-01
Reduced_All_Cyclic,32,4,2.370550e-01
Reduced_All_Cyclic,32,5,2.431010e-01
